[
  {
    "url": "https://film.kukaj.fi/matrix",
    "filename": "______.mp4",
    "display_name": "Matrix",
    "date": "2025-07-12T17:18:44.104411",
    "success": true,
    "convert_to_mp4": false,
    "source": "TAP",
    "timestamp": "2025-07-12 17:18:44"
  },
  {
    "url": "https://serial.kukaj.fi/stargate-sg-1/S02E06",
    "filename": "________-__-________.mp4",
    "display_name": "Stargate Sg 1   S02E06",
    "date": "2025-07-10T17:49:05.942739",
    "success": true,
    "convert_to_mp4": false,
    "source": "TAP",
    "timestamp": "2025-07-10 17:49:05"
  },
  {
    "url": "https://serial.kukaj.fi/hra-na-olihen/S01E02",
    "filename": "___-__-_____________.mp4",
    "display_name": "Hra Na Olihen   S01E02",
    "date": "2025-07-10T14:23:02.320505",
    "success": true,
    "convert_to_mp4": false,
    "timestamp": "2025-07-10 14:23:02"
  },
  {
    "url": "https://serial.kukaj.fi/hra-na-olihen/S01E04",
    "filename": "hra-na-olihen_S01E04.m3u8",
    "display_name": "Hra Na Olihen   S01E04",
    "date": "2025-07-06T19:55:20.439479",
    "success": false,
    "convert_to_mp4": false,
    "timestamp": "2025-07-06 19:55:20"
  },
  {
    "url": "https://serial.kukaj.fi/hra-na-olihen/S01E03",
    "filename": "hra-na-olihen_S01E03.m3u8",
    "display_name": "Hra Na Olihen   S01E03",
    "date": "2025-07-06T19:54:20.138836",
    "success": true,
    "convert_to_mp4": false,
    "timestamp": "2025-07-06 19:54:20"
  },
  {
    "url": "https://serial.kukaj.fi/hra-na-olihen/S01E01",
    "filename": "hra-na-olihen_S01E01.m3u8",
    "display_name": "Hra Na Olihen   S01E01",
    "date": "2025-07-06T19:49:02.356067",
    "success": true,
    "convert_to_mp4": false,
    "timestamp": "2025-07-06 19:49:02"
  },
  {
    "url": "https://film.kukaj.fi/big-buck-bunny",
    "filename": "big-buck-bunny.m3u8",
    "display_name": "Big Buck Bunny",
    "date": "2025-07-06T19:47:25.196007",
    "success": true,
    "convert_to_mp4": false,
    "timestamp": "2025-07-06 19:47:25"
  }
]